{"accuracy": [0.5890746116638184, 0.8513550162315369, 0.9114730954170227, 0.9378476142883301, 0.9546482563018799, 0.9638807773590088, 0.9701400995254517, 0.9750195741653442, 0.9785617589950562, 0.981307327747345], "loss": [1.4001504182815552, 0.468463659286499, 0.2769831120967865, 0.18890537321567535, 0.1392195224761963, 0.10826236754655838, 0.0893249437212944, 0.07646363973617554, 0.06363862752914429, 0.05651916563510895], "val_accuracy": [0.828363299369812, 0.9009788036346436, 0.9343842267990112, 0.9384247660636902, 0.943375825881958, 0.9411563873291016, 0.9580582976341248, 0.9515137672424316, 0.9644320607185364, 0.965114951133728], "val_loss": [0.5502544641494751, 0.3107358515262604, 0.20308516919612885, 0.19471797347068787, 0.17234838008880615, 0.19834338128566742, 0.1372499316930771, 0.17115792632102966, 0.12094162404537201, 0.1203046664595604]}